id,country,generation,gender,age,monthly_income,education,employment_status,marital_status,uniqueness,quality,heritage,sustainable_materials,supply_transparency,sustainable_process
1,Thailand,Y,Male,25-34,"15,001 to 30,000 THB",Bachelor's degree,Employed Full-time,Single,0.210996028,0.311491096,0.08216085,0.377262156,0.006734319,0.011355551
2,Thailand,Y,Male,25-34,"30,001 to 60,000  THB",Bachelor's degree,Employed Full-time,Single,0.451658996,0.184897215,0.008262662,0.007699669,0.158478708,0.18900275
3,Thailand,Y,Male,25-34,"Below 15,000 THB",Bachelor's degree,Seeking job,Single,0.129263564,0.007896844,0.134289753,0.338298043,0.245518977,0.144732819
4,Thailand,Y,Female,35-41,"Above 60,001 THB",Master's degree,Seeking job,Married,0.157765482,0.203093451,0.250172654,0.006516385,0.376169848,0.006282179
5,Thailand,Y,Prefer not to answer,35-41,"Above 60,001 THB",Master's degree,Employed Full-time,In relationship,0.04229166,0.181832199,0.183092931,0.233010902,0.354430585,0.005341722
6,Thailand,Y,Female,25-34,"15,001 to 30,000 THB",Bachelor's degree,Employed Part-time,Separated,0.026232487,0.022416493,0.021115981,0.338497392,0.209897198,0.381840448
7,Thailand,Y,Female,25-34,"15,001 to 30,000 THB",Bachelor's degree,Employed Full-time,In relationship,0.207442266,0.309103527,0.138993675,0.243543354,0.096763245,0.004153934
8,Thailand,Y,Male,25-34,"15,001 to 30,000 THB",Bachelor's degree,Employed Full-time,Single,0.080335451,0.052854661,0.106174595,0.100757363,0.39200163,0.2678763
9,Thailand,Y,Female,25-34,"15,001 to 30,000 THB",Bachelor's degree,Employed Full-time,In relationship,0.035365551,0.590254247,0.026242479,0.181595331,0.158585731,0.007956662
10,Thailand,Y,Male,25-34,"15,001 to 30,000 THB",Bachelor's degree,Employed Full-time,In relationship,0.009662459,0.00882002,0.358245463,0.011535452,0.150561945,0.46117466
11,Thailand,Y,Male,25-34,"15,001 to 30,000 THB",Bachelor's degree,Employed Full-time,Single,0.009739828,0.253016361,0.104287369,0.009521905,0.523467164,0.099967372
12,Thailand,Y,Female,25-34,"30,001 to 60,000  THB",Bachelor's degree,Employed Full-time,Single,0.803376697,0.010596071,0.055409834,0.052621485,0.007260638,0.070735274
13,Thailand,Y,Female,25-34,"15,001 to 30,000 THB",Bachelor's degree,Employed Full-time,In relationship,0.00586935,0.024446813,0.160793109,0.391432613,0.289997874,0.127460242
14,Thailand,Y,Female,25-34,"30,001 to 60,000  THB",Bachelor's degree,Employed Full-time,Single,0.111889556,0.303938372,0.19322078,0.003025285,0.273592059,0.114333947
15,Thailand,Y,Female,25-34,"Below 15,000 THB",Bachelor's degree,Employed Part-time,Married,0.454560039,0.214782437,0.127432292,0.128138437,0.007643887,0.067442908
16,Thailand,Y,Female,25-34,"Above 60,001 THB",Bachelor's degree,Employed Full-time,Single,0.118225809,0.111859912,0.145442383,0.280687181,0.035321608,0.308463108
17,Thailand,Y,Female,25-34,"15,001 to 30,000 THB",Bachelor's degree,Employed Full-time,Married,0.282666414,0.102823229,0.032377922,0.130943726,0.203419603,0.247769107
18,Thailand,Y,Female,25-34,"Below 15,000 THB",Bachelor's degree,Employed Full-time,In relationship,0.49999342,0.020307773,0.039046693,0.266192761,0.166830524,0.007628828
19,Thailand,Y,Male,25-34,"15,001 to 30,000 THB",Bachelor's degree,Employed Part-time,Single,0.003496429,0.091939238,0.343817088,0.240330907,0.228399862,0.092016476
20,Thailand,Y,Female,25-34,"15,001 to 30,000 THB",Bachelor's degree,Employed Full-time,In relationship,0.238936637,0.340196584,0.004720261,0.049579255,0.119250533,0.247316731
21,Thailand,Y,Female,25-34,"15,001 to 30,000 THB",Bachelor's degree,Employed Full-time,Single,0.165452636,0.24110289,0.099954989,0.237134204,0.088058309,0.168296971
22,Thailand,Y,Female,25-34,"15,001 to 30,000 THB",Bachelor's degree,Employed Full-time,Single,0.331331137,0.293736882,0.356340842,0.009000311,0.000770265,0.008820563
23,Thailand,Y,Female,25-34,"15,001 to 30,000 THB",Bachelor's degree,Employed Full-time,Married,0.472201478,0.119767774,0.041939494,0.004424858,0.099496651,0.262169745
24,Thailand,Y,Female,25-34,"Below 15,000 THB",Bachelor's degree,Employed Full-time,In relationship,0.019970192,0.016845537,0.402697426,0.133430097,0.112585585,0.314471164
25,Thailand,Y,Male,25-34,"30,001 to 60,000  THB",Bachelor's degree,Employed Full-time,Single,0.020202785,0.016227617,0.159323866,0.150442615,0.201816868,0.451986248
26,Thailand,Y,Female,35-41,"Above 60,001 THB",Bachelor's degree,Employed Full-time,In relationship,0.02931952,0.016038914,0.477315915,0.437502838,0.021987943,0.01783487
27,Thailand,Y,Female,25-34,"30,001 to 60,000  THB",Bachelor's degree,Seeking job,In relationship,0.004774659,0.31031727,0.433431486,0.055590031,0.191547747,0.004338808
28,Thailand,Y,Female,25-34,"15,001 to 30,000 THB",Bachelor's degree,Employed Full-time,Single,0.023816762,0.330035266,0.023165074,0.156996736,0.020820984,0.445165178
29,Thailand,Y,Male,25-34,"30,001 to 60,000  THB",Master's degree,Employed Full-time,Single,0.206670858,0.035008614,0.247320202,0.240310504,0.048280081,0.222409741
30,Thailand,Y,Female,25-34,"15,001 to 30,000 THB",Bachelor's degree,Employed Full-time,Single,0.028901485,0.044336852,0.022696362,0.31092558,0.027179275,0.565960446
31,Thailand,Y,Female,25-34,"Above 60,001 THB",Bachelor's degree,Seeking job,Married,0.007143928,0.00925589,0.637529707,0.100519575,0.01001611,0.23553479
32,Thailand,Y,Female,25-34,"15,001 to 30,000 THB",Bachelor's degree,Employed Full-time,Single,0.006620981,0.03853813,0.085213732,0.236294414,0.268213777,0.365118965
33,Thailand,Y,Male,25-34,"Below 15,000 THB",Bachelor's degree,Seeking job,Single,0.059799531,0.266670405,0.006110291,0.082599473,0.268451075,0.316369225
34,Thailand,Y,Female,25-34,"30,001 to 60,000  THB",Bachelor's degree,Employed Full-time,Single,0.220239585,0.165711822,0.12092976,0.355098195,0.130541854,0.007478785
35,Thailand,Y,Female,35-41,"30,001 to 60,000  THB",Master's degree,Seeking job,Single,0.238037897,0.200919025,0.189447907,0.005688574,0.107784699,0.258121898
36,Thailand,Y,Female,25-34,"Above 60,001 THB",Master's degree,Employed Full-time,Married,0.496805795,0.103339351,0.056870707,0.100815885,0.053779023,0.188389238
37,Thailand,Y,Male,35-41,"15,001 to 30,000 THB",Bachelor's degree,Employed Full-time,In relationship,0.568870769,0.184063606,0.153963311,0.003980963,0.069766399,0.019354952
38,Thailand,Y,Male,18 to 24,"30,001 to 60,000  THB",Bachelor's degree,Employed Full-time,Single,0.504844239,0.012540775,0.010811012,0.014031997,0.087850576,0.369921401
39,Thailand,Y,Female,25-34,"30,001 to 60,000  THB",Bachelor's degree,Employed Full-time,In relationship,0.133945785,0.138300665,0.108226952,0.083544488,0.246512857,0.289469254
40,Thailand,Y,Female,25-34,"30,001 to 60,000  THB",Master's degree,Employed Full-time,In relationship,0.044111653,0.012675212,0.041721328,0.044564489,0.030649173,0.826278146
41,Thailand,Y,Female,25-34,"15,001 to 30,000 THB",Bachelor's degree,Employed Full-time,Single,0.514548772,0.020668624,0.00694053,0.442003551,0.008737847,0.007100676
42,Thailand,Y,Female,25-34,"Above 60,001 THB",PH.D. or higher,Employed Full-time,Married,0.014264794,0.19305485,0.19748031,0.018194571,0.322273316,0.254732158
43,Thailand,Y,Female,25-34,"30,001 to 60,000  THB",Bachelor's degree,Employed Full-time,Single,0.039148939,0.21149751,0.005383223,0.585024602,0.043150708,0.115795018
44,Thailand,Y,Male,25-34,"30,001 to 60,000  THB",Bachelor's degree,Employed Full-time,Married,0.296107257,0.201584298,0.009795515,0.013742866,0.016727896,0.462042168
45,Thailand,Y,Male,35-41,"30,001 to 60,000  THB",Master's degree,Employed Full-time,Married,0.166816225,0.166766206,0.166395137,0.166748248,0.166873475,0.166400709
46,Thailand,Y,Female,18 to 24,"Below 15,000 THB",Bachelor's degree,Employed Full-time,Single,0.217745207,0.007142373,0.087302358,0.510836113,0.171104119,0.00586983
47,Thailand,Y,Female,25-34,"30,001 to 60,000  THB",Master's degree,Employed Full-time,Single,0.304696338,0.008878498,0.292555238,0.165053215,0.096815265,0.132001447
48,Thailand,Y,Female,25-34,"15,001 to 30,000 THB",Bachelor's degree,Employed Full-time,Single,0.158011351,0.475919342,0.116643592,0.149716248,0.03052511,0.069184358
49,Thailand,Y,Female,25-34,"30,001 to 60,000  THB",Bachelor's degree,Employed Full-time,Single,0.10790386,0.202204538,0.360311345,0.175092396,0.08414037,0.07034749
50,Thailand,Y,Female,35-41,"30,001 to 60,000  THB",Master's degree,Employed Full-time,Married,0.579199691,0.01438586,0.006042817,0.21397122,0.17970496,0.006695452
51,Thailand,Y,Female,35-41,"Above 60,001 THB",Bachelor's degree,Employed Full-time,Married,0.007421207,0.483211675,0.163872288,0.006431163,0.298317312,0.040746356
52,Thailand,Y,Male,25-34,"Above 60,001 THB",Master's degree,Employed Full-time,In relationship,0.601708944,0.02883363,0.078798133,0.097525394,0.101097839,0.09203606
53,Thailand,Y,Male,35-41,"Above 60,001 THB",Bachelor's degree,Seeking job,Married,0.052141075,0.272510686,0.288764715,0.111282796,0.124569254,0.150731474
54,Thailand,Y,Male,35-41,"Above 60,001 THB",Bachelor's degree,Employed Full-time,Married,0.00323555,0.2132887,0.187206877,0.170059076,0.15443604,0.271773756
55,Thailand,Y,Female,25-34,"Above 60,001 THB",Master's degree,Employed Full-time,Single,0.318921722,0.006579315,0.191186184,0.271741985,0.1395073,0.072063493
56,Thailand,Y,Female,25-34,"Above 60,001 THB",Master's degree,Employed Full-time,Single,0.231576985,0.037291656,0.184832296,0.075136172,0.126353323,0.34480957
57,Thailand,Y,Female,25-34,"Above 60,001 THB",Bachelor's degree,Seeking job,Single,0.095548347,0.374858841,0.005831765,0.122953564,0.004509899,0.396297584
58,Thailand,Y,Female,35-41,"15,001 to 30,000 THB",Bachelor's degree,Employed Full-time,Single,0.004888619,0.098301657,0.334727485,0.143060092,0.226913878,0.19210827
59,Thailand,Y,Female,25-34,"Above 60,001 THB",Master's degree,Employed Full-time,Single,0.14414778,0.294815687,0.009488358,0.027918717,0.343380649,0.180248808
60,Thailand,Y,Female,25-34,"15,001 to 30,000 THB",Bachelor's degree,Employed Full-time,Single,0.004139286,0.087810145,0.414720215,0.120094326,0.127679788,0.24555624
61,Thailand,Y,Female,35-41,"Above 60,001 THB",Master's degree,Employed Full-time,Single,0.138599134,0.004945172,0.368966786,0.224809123,0.188371342,0.074308443
62,Thailand,Y,Prefer not to answer,25-34,"30,001 to 60,000  THB",Bachelor's degree,Employed Full-time,Single,0.407286179,0.004784063,0.120305971,0.11651807,0.177178276,0.173927441
63,Thailand,Y,Female,25-34,"Above 60,001 THB",Bachelor's degree,Employed Full-time,Married,0.753345143,0.04460251,0.051818245,0.010279849,0.062016132,0.07793812
64,Thailand,Y,Female,35-41,"Above 60,001 THB",Bachelor's degree,Seeking job,Separated,0.149706718,0.163054899,0.480545505,0.007934104,0.191379603,0.007379171
65,Thailand,Y,Prefer not to answer,18 to 24,"15,001 to 30,000 THB",Bachelor's degree,Employed Part-time,In relationship,0.201240364,0.006402629,0.287772915,0.058207908,0.440089671,0.006286513
66,Thailand,Y,Female,25-34,"30,001 to 60,000  THB",Master's degree,Employed Full-time,Married,0.048439149,0.227797236,0.004125632,0.264417147,0.054075251,0.401145585
67,Thailand,Y,Female,25-34,"15,001 to 30,000 THB",Bachelor's degree,Employed Full-time,In relationship,0.201313772,0.091898508,0.360305545,0.105624343,0.128840789,0.112017043
68,Thailand,Y,Female,18 to 24,"15,001 to 30,000 THB",Master's degree,Employed Part-time,In relationship,0.006455085,0.09728912,0.221907328,0.340338106,0.064380218,0.269630143
69,Thailand,Y,Female,18 to 24,"Below 15,000 THB",Master's degree,Seeking job,Single,0.006452402,0.451360226,0.157929828,0.006975821,0.164051702,0.21323002
70,Thailand,Y,Female,25-34,"15,001 to 30,000 THB",Bachelor's degree,Employed Full-time,Single,0.017434747,0.005230162,0.316012123,0.148680272,0.362196179,0.150446517
71,Thailand,Y,Female,18 to 24,"Below 15,000 THB",Bachelor's degree,Seeking job,In relationship,0.009672527,0.102635257,0.327749716,0.071987082,0.006075152,0.481880267
72,Thailand,Y,Male,25-34,"Below 15,000 THB",Master's degree,Seeking job,In relationship,0.164526273,0.200417961,0.11502585,0.339404544,0.005269256,0.175356115
73,Thailand,Y,Male,25-34,"Below 15,000 THB",Master's degree,Seeking job,In relationship,0.005763024,0.183132017,0.13939855,0.495899632,0.145607715,0.030199062
74,Thailand,Y,Female,25-34,"15,001 to 30,000 THB",Master's degree,Employed Full-time,Single,0.057233713,0.039301423,0.248427776,0.042255804,0.181853775,0.43092751
75,Thailand,Y,Female,18 to 24,"Below 15,000 THB",High school,Seeking job,Single,0.20989039,0.006204912,0.24145719,0.005428204,0.529315251,0.007704053
76,Thailand,Y,Female,35-41,"Above 60,001 THB",Master's degree,Employed Full-time,Married,0.263322703,0.301098392,0.159053899,0.072776446,0.108011553,0.095737006
77,Thailand,Y,Female,35-41,"Above 60,001 THB",Master's degree,Employed Full-time,In relationship,0.141497967,0.140213033,0.146025514,0.127792509,0.259147655,0.185323322
78,Thailand,Y,Female,25-34,"Above 60,001 THB",Bachelor's degree,Seeking job,Single,0.031350638,0.208704399,0.086718088,0.260574194,0.128784989,0.283867692
79,Thailand,Y,Female,35-41,"Above 60,001 THB",Master's degree,Seeking job,Single,0.383231331,0.106715329,0.21799336,0.153316909,0.095298639,0.043444431
80,Thailand,Y,Prefer not to answer,25-34,"30,001 to 60,000  THB",Bachelor's degree,Seeking job,Single,0.008971999,0.246497113,0.074797696,0.050752837,0.517214755,0.1017656
81,Thailand,Y,Female,35-41,"30,001 to 60,000  THB",Bachelor's degree,Employed Full-time,In relationship,0.336643463,0.21456791,0.005859401,0.005939899,0.251052605,0.185936723
82,Thailand,Y,Female,25-34,"Above 60,001 THB",Master's degree,Employed Full-time,Single,0.167193022,0.004630005,0.311205101,0.000233746,0.180947111,0.335791015
83,Thailand,Y,Female,25-34,"30,001 to 60,000  THB",Bachelor's degree,Seeking job,Single,0.642085425,0.008780839,0.153513789,0.000506668,0.187419151,0.007694129
84,Thailand,Y,Female,18 to 24,"Below 15,000 THB",Master's degree,Seeking job,Single,0.017900706,0.017310828,0.54335804,0.3528988,0.055528878,0.013002748
85,Thailand,Y,Female,18 to 24,"Below 15,000 THB",Bachelor's degree,Seeking job,In relationship,0.013939402,0.2423629,0.09296446,0.003929126,0.333869324,0.312934787
86,Thailand,Y,Female,25-34,"Above 60,001 THB",Master's degree,Employed Full-time,In relationship,0.171918414,0.146200109,0.158070732,0.036753278,0.167385859,0.319671607
87,Thailand,Y,Female,25-34,"30,001 to 60,000  THB",Bachelor's degree,Employed Full-time,Single,0.007718392,0.095138678,0.157920504,0.009659005,0.068029629,0.661533791
88,Thailand,Y,Female,25-34,"15,001 to 30,000 THB",Master's degree,Employed Full-time,Single,0.299961258,0.088904452,0.03507665,0.119456964,0.010757647,0.445843028
89,Thailand,Y,Female,25-34,"30,001 to 60,000  THB",Bachelor's degree,Seeking job,Single,0.133876529,0.172602504,0.309610031,0.00730871,0.08042832,0.296173907
90,Thailand,Y,Female,35-41,"Above 60,001 THB",Bachelor's degree,Employed Full-time,Married,0.412535425,0.289293733,0.095774401,0.012514652,0.096792376,0.093089412
91,Thailand,Y,Female,25-34,"Below 15,000 THB",Master's degree,Employed Part-time,Single,0.239663761,0.206087847,0.05268423,0.237613595,0.200567687,0.063382879
92,Thailand,Y,Female,25-34,"30,001 to 60,000  THB",Bachelor's degree,Employed Full-time,Single,0.279519641,0.271107136,0.003418519,0.241901776,0.126596367,0.07745656
93,Thailand,Y,Female,18 to 24,"Below 15,000 THB",Master's degree,Seeking job,Single,0.112938743,0.450146408,0.002702657,0.09671262,0.130304945,0.207194627
94,Thailand,Y,Male,25-34,"15,001 to 30,000 THB",Master's degree,Employed Part-time,Single,0.031833487,0.009131282,0.379150336,0.081187949,0.487925639,0.010771307
95,Thailand,Y,Male,18 to 24,"15,001 to 30,000 THB",Master's degree,Employed Part-time,Single,0.384215526,0.012864367,0.008462975,0.007221678,0.07321157,0.514023883
96,Thailand,Y,Male,25-34,"30,001 to 60,000  THB",Bachelor's degree,Retired,In relationship,0.00924859,0.49765769,0.257171954,0.102106012,0.124187843,0.009627911
97,Thailand,Y,Prefer not to answer,25-34,"15,001 to 30,000 THB",Bachelor's degree,Employed Full-time,In relationship,0.338938922,0.127115943,0.33142237,0.007390877,0.11782189,0.077309998
98,Thailand,Y,Female,18 to 24,"15,001 to 30,000 THB",Master's degree,Seeking job,Single,0.006978497,0.010630655,0.01586681,0.125694873,0.827682786,0.013146379
99,Thailand,Y,Female,35-41,"30,001 to 60,000  THB",Bachelor's degree,Employed Full-time,Single,0.006045632,0.005370543,0.470618891,0.321281715,0.157881794,0.038801425
100,Thailand,Z,Female,18 to 24,"15,001 to 30,000 THB",Bachelor's degree,Employed Part-time,In relationship,0.060920893,0.455531044,0.003264777,0.075534754,0.170283194,0.234465338
101,Thailand,Z,Female,18 to 24,"15,001 to 30,000 THB",Bachelor's degree,Employed Full-time,Single,0.00042207,0.066718279,0.191098727,0.305262306,0.005544105,0.430954514
102,Thailand,Z,Female,25-34,"15,001 to 30,000 THB",Bachelor's degree,Employed Full-time,Single,0.142040008,0.070555396,0.090272918,0.229726313,0.054814703,0.412590662
103,Thailand,Z,Female,18 to 24,"15,001 to 30,000 THB",Bachelor's degree,Employed Full-time,Single,0.020609304,0.0758345,0.005139548,0.414995701,0.183652175,0.299768771
104,Thailand,Z,Female,18 to 24,"15,001 to 30,000 THB",Bachelor's degree,Employed Full-time,Single,0.153071522,0.358252387,0.160815824,0.0053658,0.008466346,0.314028122
105,Thailand,Z,Female,18 to 24,"Below 15,000 THB",Bachelor's degree,Seeking job,Single,0.152915991,0.136376989,0.051931354,0.246258337,0.002720489,0.40979684
106,Thailand,Z,Female,18 to 24,"15,001 to 30,000 THB",High school,Seeking job,Single,0.084140874,0.047359808,0.00746714,0.685821407,0.166693861,0.008516909
107,Thailand,Z,Male,18 to 24,"Below 15,000 THB",High school,Seeking job,Single,0.140869455,0.03665312,0.003303986,0.172586962,0.507634263,0.138952214
108,Thailand,Z,Female,18 to 24,"Below 15,000 THB",Bachelor's degree,Seeking job,Single,0.002354492,0.004148103,0.003277139,0.322344394,0.225183863,0.44269201
109,Thailand,Z,Female,25-34,"15,001 to 30,000 THB",Bachelor's degree,Employed Full-time,In relationship,0.129270484,0.164414847,0.438685556,0.189378442,0.073462908,0.004787763
110,Thailand,Z,Female,18 to 24,"Below 15,000 THB",Bachelor's degree,Seeking job,In relationship,0.151037044,0.009184846,0.094261161,0.41052198,0.007608207,0.327386762
111,Thailand,Z,Female,25-34,"15,001 to 30,000 THB",Bachelor's degree,Seeking job,Single,0.312683757,0.378518354,0.00780609,0.005809933,0.057085483,0.238096384
112,Thailand,Z,Female,18 to 24,"Below 15,000 THB",Bachelor's degree,Seeking job,Single,0.004617686,0.272893865,0.04092641,0.381089569,0.090253276,0.210219193
113,Thailand,Z,Female,25-34,"15,001 to 30,000 THB",Bachelor's degree,Employed Full-time,Single,0.007719582,0.011274463,0.010826954,0.008559936,0.430845588,0.530773477
114,Thailand,Z,Female,18 to 24,"30,001 to 60,000  THB",Bachelor's degree,Employed Full-time,Single,0.0391149,0.176782173,0.072182462,0.258947609,0.201817398,0.251155458
115,Thailand,Z,Female,25-34,"15,001 to 30,000 THB",Master's degree,Seeking job,Single,0.004801303,0.121185796,0.005050796,0.289612944,0.235981768,0.343367391
116,Thailand,Z,Female,18 to 24,"Below 15,000 THB",Bachelor's degree,Employed Full-time,Single,0.016057858,0.009592062,0.784529377,0.047790926,0.009810567,0.132219211
117,Thailand,Z,Female,25-34,"15,001 to 30,000 THB",Bachelor's degree,Employed Full-time,In relationship,0.337300921,0.110974883,0.000645588,0.176424604,0.186770653,0.18788335
118,Thailand,Z,Male,18 to 24,"Below 15,000 THB",Bachelor's degree,Seeking job,Single,0.366849649,0.003912062,0.010728655,0.064553804,0.190076554,0.363879276
119,Thailand,Z,Female,25-34,"15,001 to 30,000 THB",Bachelor's degree,Employed Full-time,Single,0.211460024,0.009486094,0.042926011,0.015190257,0.113300699,0.607636915
120,Thailand,Z,Male,18 to 24,"30,001 to 60,000  THB",Bachelor's degree,Employed Full-time,In relationship,0.116169691,0.210640428,0.202468639,0.179752279,0.183676379,0.107292584
121,Thailand,Z,Male,18 to 24,"15,001 to 30,000 THB",Bachelor's degree,Employed Full-time,Single,0.008042402,0.289048155,0.312677722,0.010207558,0.011010411,0.369013752
122,Thailand,Z,Female,18 to 24,"15,001 to 30,000 THB",Bachelor's degree,Employed Full-time,Single,0.004622904,0.356172286,0.268374043,0.17870947,0.186070108,0.006051189
123,Thailand,Z,Female,25-34,"Below 15,000 THB",Bachelor's degree,Employed Full-time,In relationship,0.010817548,0.146568311,0.182951724,0.242065204,0.157374713,0.2602225
124,Thailand,Z,Female,25-34,"15,001 to 30,000 THB",Bachelor's degree,Employed Full-time,In relationship,0.06609147,0.552000351,0.258151597,0.00701893,0.006546945,0.110190708
125,Thailand,Z,Male,25-34,"15,001 to 30,000 THB",Bachelor's degree,Employed Full-time,In relationship,0.255914793,0.285371132,0.005426716,0.070686819,0.101486802,0.281113739
126,Thailand,Z,Female,18 to 24,"Below 15,000 THB",Bachelor's degree,Seeking job,In relationship,0.283730896,0.483211323,0.013932769,0.021885362,0.180064019,0.01717563
127,Thailand,Z,Female,18 to 24,"15,001 to 30,000 THB",Bachelor's degree,Employed Full-time,In relationship,0.236923854,0.165179049,0.073986923,0.207027759,0.243998865,0.07288355
128,Thailand,Z,Female,18 to 24,"15,001 to 30,000 THB",Bachelor's degree,Employed Full-time,Single,0.009658109,0.08497612,0.462019605,0.060554704,0.376888224,0.005903237
129,Thailand,Z,Female,18 to 24,"15,001 to 30,000 THB",Bachelor's degree,Employed Full-time,Single,0.517672871,0.014393085,0.013199815,0.126100467,0.009859611,0.318774151
130,Thailand,Z,Female,25-34,"Below 15,000 THB",Bachelor's degree,Seeking job,Single,0.004224951,0.231219546,0.142567686,0.100655406,0.181340348,0.339992063
131,Thailand,Z,Female,18 to 24,"15,001 to 30,000 THB",Master's degree,Employed Part-time,Single,0.006772238,0.34090378,0.264443512,0.007014581,0.212011664,0.168854225
132,Thailand,Z,Female,18 to 24,"15,001 to 30,000 THB",Bachelor's degree,Employed Full-time,In relationship,0.002704212,0.073662682,0.007775612,0.466523932,0.003666232,0.445667331
133,Thailand,Z,Female,18 to 24,"Below 15,000 THB",Bachelor's degree,Seeking job,In relationship,0.587714651,0.102662637,0.090701587,0.09992754,0.007143039,0.111850546
134,Thailand,Z,Male,18 to 24,"15,001 to 30,000 THB",Bachelor's degree,Employed Full-time,In relationship,0.048226309,0.00703121,0.233537874,0.007646322,0.55775467,0.145803614
135,Thailand,Z,Female,18 to 24,"15,001 to 30,000 THB",Bachelor's degree,Employed Part-time,Single,0.09842945,0.354871081,0.253903121,0.284868086,0.003446554,0.004481708
136,Thailand,Z,Male,18 to 24,"15,001 to 30,000 THB",Bachelor's degree,Seeking job,Single,0.091870526,0.338637169,0.008001886,0.285126853,0.00625797,0.270105596
137,Thailand,Z,Female,18 to 24,"15,001 to 30,000 THB",Bachelor's degree,Seeking job,In relationship,0.156810757,0.183587083,0.003040754,0.130214446,0.096477686,0.429869274
138,Thailand,Z,Female,18 to 24,"15,001 to 30,000 THB",Bachelor's degree,Employed Full-time,Single,0.010538829,0.422857281,0.016217342,0.241918178,0.166908321,0.141560048
139,Thailand,Z,Female,18 to 24,"30,001 to 60,000  THB",Bachelor's degree,Employed Full-time,Single,0.274984377,0.313202892,0.18635026,0.041461218,0.121909395,0.062091859
140,Thailand,Z,Male,18 to 24,"15,001 to 30,000 THB",Bachelor's degree,Employed Full-time,Single,0.249516411,0.08424188,0.178865014,0.167660687,0.258845634,0.060870376
141,Thailand,Z,Female,18 to 24,"15,001 to 30,000 THB",Bachelor's degree,Employed Full-time,Single,0.234555903,0.003773765,0.390228002,0.003587017,0.201998051,0.165857261
142,Thailand,Z,Female,25-34,"15,001 to 30,000 THB",Bachelor's degree,Employed Full-time,Single,0.179425512,0.229938494,0.008055317,0.138798203,0.347959039,0.095823435
143,Thailand,Z,Female,18 to 24,"15,001 to 30,000 THB",Bachelor's degree,Employed Full-time,Single,0.199732211,0.074343299,0.646275844,0.001124772,0.004901418,0.073622456
144,Thailand,Z,Female,18 to 24,"Above 60,001 THB",Bachelor's degree,Employed Full-time,In relationship,0.018877501,0.650299704,0.109478099,0.030657853,0.175073277,0.015613567
145,Thailand,Z,Female,18 to 24,"15,001 to 30,000 THB",Bachelor's degree,Employed Part-time,In relationship,0.18160138,0.004367154,0.041635454,0.003948483,0.493761877,0.274685651
146,Thailand,Z,Male,18 to 24,"30,001 to 60,000  THB",Bachelor's degree,Employed Full-time,Single,0.400834888,0.297538806,0.234144564,0.003847168,0.016562923,0.047071651
147,Thailand,Z,Male,25-34,"Above 60,001 THB",Bachelor's degree,Employed Full-time,Single,0.13661518,0.302860941,0.038563494,0.267550491,0.004056532,0.250353363
148,Thailand,Z,Female,25-34,"15,001 to 30,000 THB",Master's degree,Employed Full-time,Single,0.00744865,0.477054735,0.295534069,0.135649776,0.054713753,0.029599017
149,Thailand,Z,Female,25-34,"Above 60,001 THB",Bachelor's degree,Employed Full-time,Single,0.097613914,0.058891761,0.191531426,0.294727436,0.257217865,0.100017598
150,Thailand,Z,Male,18 to 24,"Below 15,000 THB",Bachelor's degree,Seeking job,Single,0.12315408,0.104891238,0.09431545,0.099719899,0.380200078,0.197719255
151,Thailand,Z,Female,25-34,"15,001 to 30,000 THB",Bachelor's degree,Seeking job,Single,0.006127853,0.114448112,0.005589803,0.389476623,0.475411686,0.008945922
152,Thailand,Z,Female,18 to 24,"Above 60,001 THB",Master's degree,Employed Full-time,Single,0.009790989,0.320846825,0.223163536,0.014924533,0.259399143,0.171874973
153,Thailand,Z,Male,18 to 24,"15,001 to 30,000 THB",Bachelor's degree,Seeking job,In relationship,0.021728964,0.875717114,0.027344929,0.022365375,0.029324352,0.023519266
154,Thailand,Z,Female,18 to 24,"15,001 to 30,000 THB",Bachelor's degree,Employed Part-time,Single,0.065998856,0.00721061,0.005270369,0.286135589,0.477922632,0.157461945
155,Thailand,Z,Female,18 to 24,"Below 15,000 THB",Bachelor's degree,Seeking job,Single,0.00704621,0.007207719,0.458077092,0.007641006,0.276625717,0.243402256
156,Thailand,Z,Female,18 to 24,"Below 15,000 THB",Bachelor's degree,Seeking job,Single,0.007615953,0.187467726,0.241791413,0.300512971,0.002216912,0.260395026
157,Thailand,Z,Female,18 to 24,"Below 15,000 THB",Bachelor's degree,Seeking job,Single,0.005472047,0.005917658,0.276603118,0.387786188,0.208435086,0.115785902
158,Thailand,Z,Female,25-34,"Below 15,000 THB",Bachelor's degree,Employed Part-time,Single,0.010583539,0.634876128,0.084732722,0.249263817,0.008711392,0.011832402
159,Thailand,Z,Female,35-41,"Above 60,001 THB",Bachelor's degree,Employed Full-time,Married,0.006018059,0.151218914,0.148996323,0.35070171,0.084198923,0.25886607
160,Thailand,Z,Female,25-34,"15,001 to 30,000 THB",Master's degree,Employed Part-time,In relationship,0.310634232,0.017098348,0.006281831,0.32861057,0.141252338,0.196122681
161,Thailand,Z,Female,25-34,"30,001 to 60,000  THB",Bachelor's degree,Employed Full-time,In relationship,0.016778913,0.018967187,0.045770058,0.471904626,0.014314798,0.432264418
162,Thailand,Z,Female,18 to 24,"Below 15,000 THB",Master's degree,Seeking job,In relationship,0.101382334,0.318687056,0.007652683,0.423561147,0.080935114,0.067781666
163,Thailand,Z,Female,18 to 24,"Below 15,000 THB",Bachelor's degree,Employed Part-time,Single,0.384337924,0.219401596,0.055616843,0.06702735,0.004768546,0.268847743
164,Thailand,Z,Female,18 to 24,"15,001 to 30,000 THB",Bachelor's degree,Employed Full-time,Single,0.102494408,0.025353088,0.494231754,0.036368918,0.036703722,0.304848111
165,Thailand,Z,Female,18 to 24,"Below 15,000 THB",High school,Employed Full-time,Married,0.006317716,0.007049268,0.752475168,0.00884383,0.008900587,0.216413431
166,Thailand,Z,Male,18 to 24,"30,001 to 60,000  THB",Bachelor's degree,Employed Full-time,Single,0.238167695,0.140733911,0.347154404,0.069746424,0.005653896,0.198543671
167,Thailand,Z,Female,35-41,"Above 60,001 THB",Master's degree,Employed Full-time,Married,0.098703167,0.235235211,0.233184004,0.177271441,0.005403348,0.25020283
168,Thailand,Z,Female,18 to 24,"15,001 to 30,000 THB",Bachelor's degree,Employed Full-time,Single,0.008316017,0.137998705,0.008475058,0.238536062,0.196122131,0.410552027
169,Thailand,Z,Female,18 to 24,"30,001 to 60,000  THB",Bachelor's degree,Employed Full-time,In relationship,0.02494278,0.022027716,0.021986473,0.068816646,0.298087746,0.564138639
170,Thailand,Z,Male,25-34,"15,001 to 30,000 THB",Master's degree,Seeking job,Single,0.004377715,0.008922526,0.30287277,0.317117719,0.303137313,0.063571957
171,Thailand,Z,Female,18 to 24,"Below 15,000 THB",Master's degree,Employed Full-time,Single,0.219855843,0.194326819,0.183875208,0.015342192,0.013927985,0.372671952
172,Thailand,Z,Female,35-41,"30,001 to 60,000  THB",Master's degree,Employed Full-time,Single,0.004644429,0.204762535,0.004743224,0.266252817,0.292725619,0.226871375
173,Thailand,Z,Female,18 to 24,"Below 15,000 THB",Master's degree,Seeking job,Single,0.167916656,0.344181601,0.12383616,0.096039361,0.067027679,0.200998544
174,Thailand,Z,Female,18 to 24,"15,001 to 30,000 THB",Master's degree,Employed Part-time,Single,0.363382488,0.098611256,0.071703234,0.341125319,0.081017163,0.04416054
175,Thailand,Z,Female,18 to 24,"Below 15,000 THB",Master's degree,Employed Part-time,In relationship,0.238885509,0.121928807,0.012118143,0.417484929,0.014953671,0.194628942
176,Thailand,Z,Female,18 to 24,"Below 15,000 THB",Bachelor's degree,Seeking job,Single,0.010724228,0.008479969,0.611613248,0.009576175,0.254926201,0.104680179
177,Thailand,Z,Female,18 to 24,"Below 15,000 THB",High school,Employed Part-time,Single,0.426270211,0.367124507,0.023075065,0.097761165,0.06551809,0.020250962
178,Thailand,Z,Prefer not to answer,18 to 24,"Below 15,000 THB",High school,Seeking job,Single,0.009693371,0.011970635,0.580281644,0.00936102,0.223057037,0.165636294
179,Thailand,Z,Female,18 to 24,"Below 15,000 THB",Bachelor's degree,Employed Part-time,Single,0.151199008,0.028213043,0.747345364,0.014984454,0.023073892,0.035184239
180,Thailand,Z,Male,25-34,"Above 60,001 THB",Master's degree,Employed Full-time,Married,0.005320788,0.371093758,0.303582552,0.240709393,0.008023836,0.071269673
181,Taiwan,Y,Female,35-41,"Above 60,001 THB",Bachelor's degree,Employed Full-time,Married,0.146795855,0.515720062,0.003936488,0.307011243,0.012872815,0.013663536
182,Taiwan,Y,Female,25-34,"30,001 to 60,000  THB",Bachelor's degree,Employed Full-time,Single,0.053967694,0.298251504,0.005918212,0.133031273,0.134876269,0.373955047
183,Taiwan,Y,Female,25-34,"15,001 to 30,000 THB",Master's degree,Employed Full-time,Single,0.058737718,0.069890958,0.10404608,0.142891611,0.374520183,0.24991345
184,Taiwan,Y,Female,25-34,"30,001 to 60,000  THB",Bachelor's degree,Employed Full-time,In relationship,0.223075995,0.051545921,0.083696472,0.041155523,0.09981737,0.500708719
185,Taiwan,Y,Female,35-41,"30,001 to 60,000  THB",Bachelor's degree,Employed Part-time,Married,0.116094048,0.406626988,0.24286706,0.006988277,0.100137039,0.127286588
186,Taiwan,Y,Male,25-34,"Above 60,001 THB",Bachelor's degree,Employed Full-time,Single,0.165510985,0.248681185,0.113556569,0.324539825,0.01530267,0.132408766
187,Taiwan,Y,Female,25-34,"Above 60,001 THB",Bachelor's degree,Employed Full-time,Single,0.187935795,0.17217098,0.004682854,0.006088582,0.296686251,0.332435537
188,Taiwan,Y,Female,25-34,"30,001 to 60,000  THB",Bachelor's degree,Employed Full-time,Single,0.003389077,0.026459739,0.122012559,0.20416815,0.152485601,0.491484874
189,Taiwan,Y,Female,25-34,"Above 60,001 THB",Bachelor's degree,Employed Full-time,Married,0.256673093,0.378498429,0.271849997,0.004203255,0.08537712,0.003398107
190,Taiwan,Y,Male,25-34,"15,001 to 30,000 THB",Bachelor's degree,Employed Full-time,In relationship,0.210272132,0.179543001,0.18877899,0.103584762,0.149877731,0.167943383
191,Taiwan,Y,Female,25-34,"15,001 to 30,000 THB",Bachelor's degree,Employed Full-time,In relationship,0.342128614,0.006442181,0.008820123,0.332812909,0.130965952,0.178830221
192,Taiwan,Y,Female,25-34,"30,001 to 60,000  THB",Bachelor's degree,Employed Full-time,In relationship,0.005021545,0.124147293,0.002568925,0.325407415,0.314504291,0.228350531
193,Taiwan,Y,Female,25-34,"30,001 to 60,000  THB",Bachelor's degree,Employed Full-time,In relationship,0.008936907,0.028886666,0.188335943,0.120309394,0.005782521,0.647748569
194,Taiwan,Y,Female,25-34,"Below 15,000 THB",Master's degree,Seeking job,In relationship,0.233105971,0.165811397,0.003254378,0.051241878,0.225810435,0.32077594
195,Taiwan,Y,Male,25-34,"30,001 to 60,000  THB",Master's degree,Employed Full-time,Single,0.329126413,0.116978583,0.039952479,0.078132858,0.101716045,0.334093621
196,Taiwan,Y,Prefer not to answer,25-34,"30,001 to 60,000  THB",Bachelor's degree,Employed Full-time,In relationship,0.220456575,0.138380351,0.027624848,0.401729647,0.004603947,0.207204632
197,Taiwan,Y,Female,25-34,"30,001 to 60,000  THB",Bachelor's degree,Employed Full-time,Single,0.003390141,0.259019214,0.318340666,0.164226607,0.098134127,0.156889245
198,Taiwan,Y,Male,25-34,"Above 60,001 THB",Master's degree,Employed Full-time,In relationship,0.011139672,0.183176278,0.407796791,0.012229006,0.357118064,0.028540189
199,Taiwan,Y,Female,25-34,"Below 15,000 THB",Master's degree,Employed Full-time,Married,0.14135451,0.610063619,0.019760158,0.197834163,0.012544389,0.018443161
200,Taiwan,Y,Female,25-34,"30,001 to 60,000  THB",Bachelor's degree,Employed Full-time,In relationship,0.506935772,0.00773682,0.008193905,0.169573113,0.298171291,0.0093891
201,Taiwan,Y,Female,25-34,"Above 60,001 THB",Master's degree,Employed Full-time,Single,0.002084226,0.153886087,0.114262684,0.151647075,0.216534701,0.361585227
202,Taiwan,Y,Female,18 to 24,"15,001 to 30,000 THB",Bachelor's degree,Employed Full-time,Single,0.183836457,0.116700251,0.474750235,0.006110089,0.135982177,0.082620791
203,Taiwan,Y,Female,18 to 24,"15,001 to 30,000 THB",Bachelor's degree,Employed Full-time,Single,0.081412491,0.124036288,0.172991763,0.543926784,0.011768391,0.065864282
204,Taiwan,Y,Female,25-34,"Above 60,001 THB",Bachelor's degree,Employed Full-time,Married,0.296238101,0.087149276,0.005023788,0.004244296,0.251615404,0.355729136
205,Taiwan,Y,Female,25-34,"30,001 to 60,000  THB",Bachelor's degree,Employed Full-time,In relationship,0.005001777,0.004426901,0.301802046,0.424028576,0.250874347,0.013866353
206,Taiwan,Y,Female,35-41,"Above 60,001 THB",Master's degree,Employed Full-time,Single,0.168211574,0.129431544,0.070421016,0.389900935,0.154681441,0.08735349
207,Taiwan,Y,Female,35-41,"Above 60,001 THB",High school,Employed Full-time,Single,0.144486985,0.43123606,0.00475746,0.006629622,0.172563617,0.240326255
208,Taiwan,Y,Female,25-34,"15,001 to 30,000 THB",Bachelor's degree,Employed Part-time,In relationship,0.026691998,0.445241391,0.221201483,0.00099906,0.143157793,0.162708276
209,Taiwan,Y,Female,25-34,"30,001 to 60,000  THB",Bachelor's degree,Retired,Single,0.173956534,0.13264867,0.13684805,0.187286656,0.182856217,0.186403872
210,Taiwan,Y,Female,25-34,"30,001 to 60,000  THB",Master's degree,Employed Full-time,Single,0.007455543,0.005735871,0.14314391,0.29405659,0.024153669,0.525454417
211,Taiwan,Y,Female,18 to 24,"15,001 to 30,000 THB",Bachelor's degree,Employed Full-time,Single,0.235021999,0.004990016,0.005047768,0.221439301,0.224232754,0.309268161
212,Taiwan,Y,Female,25-34,"30,001 to 60,000  THB",Bachelor's degree,Employed Full-time,In relationship,0.1437792,0.26763844,0.1990626,0.267285465,0.118985216,0.003249078
213,Taiwan,Y,Female,25-34,"30,001 to 60,000  THB",Bachelor's degree,Employed Part-time,Single,0.005456093,0.005426182,0.222238027,0.095557832,0.242494606,0.428827259
214,Taiwan,Y,Female,18 to 24,"30,001 to 60,000  THB",Bachelor's degree,Employed Full-time,In relationship,0.382173958,0.218407654,0.199600528,0.006974772,0.188733506,0.004109583
215,Taiwan,Y,Male,25-34,"30,001 to 60,000  THB",Bachelor's degree,Employed Full-time,Single,0.146842001,0.048832441,0.119896493,0.050040443,0.141195949,0.493192673
216,Taiwan,Y,Female,25-34,"Above 60,001 THB",Bachelor's degree,Seeking job,Single,0.013031295,0.068289373,0.042295798,0.373767616,0.015959553,0.486656364
217,Taiwan,Y,Male,25-34,"30,001 to 60,000  THB",Bachelor's degree,Employed Full-time,Married,0.355351199,0.009221557,0.012010379,0.492038755,0.120065805,0.011312305
218,Taiwan,Y,Female,25-34,"Above 60,001 THB",Master's degree,Employed Full-time,Married,0.090617417,0.260126823,0.227420004,0.12364485,0.131002745,0.167188161
219,Taiwan,Y,Female,18 to 24,"Below 15,000 THB",Bachelor's degree,Seeking job,Single,0.132648929,0.436492324,0.134922678,0.224885337,0.004436836,0.066613896
220,Taiwan,Y,Female,18 to 24,"Below 15,000 THB",Master's degree,Seeking job,Single,0.26403034,0.308312811,0.16944789,0.011713482,0.123870444,0.122625032
221,Taiwan,Y,Male,18 to 24,"Below 15,000 THB",Bachelor's degree,Seeking job,Single,0.224872848,0.009093125,0.006142688,0.182935494,0.16981399,0.407141855
222,Taiwan,Y,Female,25-34,"Below 15,000 THB",Master's degree,Employed Part-time,Single,0.007776525,0.268857713,0.233938523,0.245226355,0.238455232,0.005745652
223,Taiwan,Y,Male,18 to 24,"Above 60,001 THB",Bachelor's degree,Employed Part-time,In relationship,0.26900183,0.558569719,0.056552135,0.078019279,0.020471726,0.017385311
224,Taiwan,Y,Female,25-34,"30,001 to 60,000  THB",Bachelor's degree,Seeking job,Married,0.094887028,0.077915546,0.261508775,0.027820428,0.253422641,0.284445582
225,Taiwan,Y,Female,35-41,"Above 60,001 THB",Master's degree,Employed Full-time,Single,0.010923659,0.117893109,0.583342661,0.008801852,0.072840641,0.206198078
226,Taiwan,Y,Female,18 to 24,"Below 15,000 THB",Bachelor's degree,Employed Part-time,Single,0.322882254,0.060359863,0.245953827,0.233532828,0.131029786,0.006241442
227,Taiwan,Y,Prefer not to answer,18 to 24,"Below 15,000 THB",Bachelor's degree,Seeking job,Single,0.729023656,0.013812217,0.043780291,0.119116069,0.0142369,0.080030868
228,Taiwan,Y,Female,18 to 24,"15,001 to 30,000 THB",Master's degree,Seeking job,Single,0.192129672,0.162203102,0.153377811,0.347129874,0.00417398,0.140985561
229,Taiwan,Y,Male,18 to 24,"Below 15,000 THB",Bachelor's degree,Employed Part-time,Single,0.128447165,0.005252504,0.268086744,0.330819506,0.170552929,0.096841152
230,Taiwan,Y,Male,25-34,"30,001 to 60,000  THB",Bachelor's degree,Employed Full-time,Married,0.231057785,0.362808965,0.241243697,0.004536583,0.006465126,0.153887845
231,Taiwan,Y,Female,18 to 24,"Below 15,000 THB",Bachelor's degree,Employed Part-time,Separated,0.189568227,0.20464872,0.175132766,0.070924984,0.354020694,0.005704609
232,Taiwan,Y,Female,25-34,"Below 15,000 THB",Master's degree,Seeking job,Single,0.169946797,0.042777754,0.18693107,0.063273631,0.300388685,0.236682063
233,Taiwan,Y,Female,35-41,"Above 60,001 THB",Bachelor's degree,Employed Full-time,Single,0.418524088,0.243747733,0.005403762,0.059572242,0.004372875,0.268379301
234,Taiwan,Y,Female,25-34,"Below 15,000 THB",Master's degree,Employed Full-time,In relationship,0.271378994,0.051878555,0.221897056,0.007022614,0.081960844,0.365861937
235,Taiwan,Y,Female,25-34,"15,001 to 30,000 THB",Bachelor's degree,Employed Full-time,Single,0.079280391,0.282031956,0.040414889,0.04483326,0.374380239,0.179059264
236,Taiwan,Y,Female,25-34,"Below 15,000 THB",Master's degree,Seeking job,Single,0.003537728,0.370832461,0.320349142,0.207186045,0.00494502,0.093149606
237,Taiwan,Y,Female,25-34,"30,001 to 60,000  THB",Bachelor's degree,Seeking job,In relationship,0.237184506,0.164222011,0.012859664,0.252939625,0.185841613,0.14695258
238,Taiwan,Y,Male,25-34,"Below 15,000 THB",Master's degree,Employed Full-time,Single,0.343596843,0.07010079,0.141340449,0.007299008,0.368971479,0.068691431
239,Taiwan,Y,Male,25-34,"30,001 to 60,000  THB",Bachelor's degree,Seeking job,Single,0.014669098,0.221881819,0.716811027,0.015752865,0.012749265,0.018135926
240,Taiwan,Y,Female,18 to 24,"Below 15,000 THB",Master's degree,Employed Part-time,In relationship,0.352170241,0.01313322,0.208480932,0.393645506,0.01586468,0.016705422
241,Taiwan,Y,Female,25-34,"15,001 to 30,000 THB",Master's degree,Employed Part-time,In relationship,0.069977657,0.237965026,0.198678579,0.010880586,0.323283357,0.159214796
242,Taiwan,Y,Female,18 to 24,"Below 15,000 THB",Master's degree,Employed Part-time,In relationship,0.006840516,0.194978646,0.137760447,0.022522544,0.459947566,0.177950283
243,Taiwan,Y,Female,18 to 24,"Below 15,000 THB",Bachelor's degree,Employed Part-time,Single,0.334329028,0.132012314,0.203753986,0.127198419,0.005101216,0.197605038
244,Taiwan,Y,Female,18 to 24,"Below 15,000 THB",Bachelor's degree,Employed Part-time,Single,0.014439619,0.556892465,0.17032494,0.128409656,0.120583281,0.009350039
245,Taiwan,Y,Female,18 to 24,"Below 15,000 THB",Bachelor's degree,Seeking job,Single,0.313660525,0.3162908,0.00365918,0.095959971,0.16142699,0.109002535
246,Taiwan,Y,Male,18 to 24,"Below 15,000 THB",Master's degree,Employed Part-time,Single,0.099800743,0.373885669,0.246819438,0.261767012,0.008644515,0.009082623
247,Taiwan,Y,Female,18 to 24,"Below 15,000 THB",Master's degree,Seeking job,Single,0.022679469,0.05206213,0.236337207,0.352361909,0.30060918,0.035950105
248,Taiwan,Y,Female,25-34,"30,001 to 60,000  THB",Master's degree,Employed Full-time,Single,0.004818496,0.33604873,0.006119345,0.356963023,0.164166015,0.131884391
249,Taiwan,Y,Prefer not to answer,18 to 24,"Below 15,000 THB",Bachelor's degree,Seeking job,In relationship,0.431980368,0.164935546,0.005887187,0.011830559,0.351316167,0.034050173
250,Taiwan,Y,Female,25-34,"30,001 to 60,000  THB",Bachelor's degree,Employed Full-time,In relationship,0.390566684,0.187983556,0.002044443,0.147724851,0.098222674,0.173457792
251,Taiwan,Y,Female,18 to 24,"Below 15,000 THB",Bachelor's degree,Employed Part-time,Single,0.004694659,0.216165534,0.085192836,0.179136638,0.005199043,0.50961129
252,Taiwan,Y,Female,18 to 24,"Below 15,000 THB",Master's degree,Seeking job,In relationship,0.016162901,0.017694307,0.031842582,0.009879652,0.133800044,0.790620514
253,Taiwan,Y,Female,35-41,"30,001 to 60,000  THB",Bachelor's degree,Retired,Married,0.027599284,0.359511425,0.137143344,0.077380745,0.138046853,0.260318349
254,Taiwan,Y,Female,25-34,"Above 60,001 THB",Bachelor's degree,Employed Full-time,Single,0.125921486,0.218357499,0.224393897,0.126576638,0.297071749,0.007678731
255,Taiwan,Y,Male,35-41,"Above 60,001 THB",Master's degree,Employed Full-time,In relationship,0.190175533,0.09270467,0.359007667,0.009078924,0.338890471,0.010142736
256,Taiwan,Y,Male,18 to 24,"Below 15,000 THB",Master's degree,Seeking job,In relationship,0.197150024,0.24846192,0.063797904,0.007081005,0.005851323,0.477657824
257,Taiwan,Y,Female,25-34,"Below 15,000 THB",Bachelor's degree,Seeking job,In relationship,0.566389624,0.160492377,0.04624145,0.005700243,0.041991683,0.179184623
258,Taiwan,Y,Female,18 to 24,"Below 15,000 THB",Bachelor's degree,Employed Part-time,Single,0.154291226,0.004317356,0.242741433,0.420293284,0.125660795,0.052695907
259,Taiwan,Y,Male,35-41,"30,001 to 60,000  THB",Master's degree,Employed Full-time,Married,0.212616762,0.665853273,0.062938605,0.008285108,0.000739033,0.049567219
260,Taiwan,Y,Female,25-34,"Below 15,000 THB",Master's degree,Seeking job,Married,0.026778701,0.641103993,0.034591203,0.09569344,0.139826546,0.062006117
261,Taiwan,Y,Female,25-34,"Above 60,001 THB",Bachelor's degree,Employed Full-time,In relationship,0.240333664,0.010323015,0.090326368,0.367850979,0.00229704,0.288868934
262,Taiwan,Y,Female,18 to 24,"Below 15,000 THB",Bachelor's degree,Seeking job,In relationship,0.337809623,0.161298247,0.090374069,0.169265537,0.064870174,0.176382349
263,Taiwan,Y,Female,18 to 24,"Below 15,000 THB",Master's degree,Employed Full-time,Single,0.293051039,0.104816895,0.030987812,0.191066098,0.008735313,0.371342843
264,Taiwan,Y,Female,18 to 24,"Below 15,000 THB",Bachelor's degree,Seeking job,Single,0.019084507,0.023064138,0.024416387,0.525671249,0.38307784,0.024685879
265,Taiwan,Y,Female,18 to 24,"15,001 to 30,000 THB",Master's degree,Seeking job,In relationship,0.275122322,0.09566917,0.138376461,0.141442561,0.304595413,0.044794072
266,Taiwan,Y,Female,18 to 24,"Below 15,000 THB",Master's degree,Seeking job,In relationship,0.341268254,0.372095704,0.003492289,0.170478909,0.003455118,0.109209726
267,Taiwan,Y,Female,18 to 24,"Below 15,000 THB",Master's degree,Seeking job,Single,0.222002328,0.010405407,0.008974325,0.573104735,0.177068516,0.008444689
268,Taiwan,Y,Male,35-41,"30,001 to 60,000  THB",Bachelor's degree,Employed Full-time,Married,0.458914532,0.135097596,0.023916928,0.134846577,0.00615974,0.241064626
269,Taiwan,Y,Female,18 to 24,"Below 15,000 THB",High school,Seeking job,Single,0.013693899,0.014687957,0.235166033,0.209117781,0.340140129,0.1871942
270,Taiwan,Z,Female,18 to 24,"30,001 to 60,000  THB",Bachelor's degree,Employed Full-time,In relationship,0.468768655,0.004932129,0.280893159,0.014488802,0.061722907,0.169194347
271,Taiwan,Z,Female,18 to 24,"Below 15,000 THB",Bachelor's degree,Seeking job,In relationship,0.401347984,0.006244915,0.005275844,0.006063514,0.454314799,0.126752945
272,Taiwan,Z,Female,18 to 24,"Below 15,000 THB",Bachelor's degree,Seeking job,In relationship,0.012040631,0.362269405,0.018515868,0.216604249,0.006474735,0.384095112
273,Taiwan,Z,Female,18 to 24,"15,001 to 30,000 THB",Bachelor's degree,Employed Part-time,Single,0.097339269,0.00432576,0.195685144,0.213214697,0.215152179,0.274282951
274,Taiwan,Z,Male,18 to 24,"Below 15,000 THB",Bachelor's degree,Seeking job,Single,0.004322809,0.043944276,0.372163862,0.238727887,0.335061903,0.005779262
275,Taiwan,Z,Female,25-34,"30,001 to 60,000  THB",Bachelor's degree,Employed Full-time,In relationship,0.009668969,0.209498595,0.392870401,0.009750348,0.344785211,0.033426475
276,Taiwan,Z,Male,25-34,"30,001 to 60,000  THB",Bachelor's degree,Employed Full-time,In relationship,0.287343117,0.25935447,0.397808723,0.032480812,0.014454883,0.008557996
277,Taiwan,Z,Female,18 to 24,"Below 15,000 THB",Master's degree,Employed Part-time,Single,0.138176026,0.233870999,0.005661672,0.082929908,0.393482023,0.145879372
278,Taiwan,Z,Male,18 to 24,"Below 15,000 THB",Bachelor's degree,Seeking job,In relationship,0.358338359,0.135562275,0.128729219,0.115543902,0.249112481,0.012713765
279,Taiwan,Z,Female,18 to 24,"30,001 to 60,000  THB",Bachelor's degree,Seeking job,Single,0.335439692,0.168072504,0.007991466,0.250559783,0.060684782,0.177251773
280,Taiwan,Z,Female,18 to 24,"Below 15,000 THB",Bachelor's degree,Employed Part-time,Single,0.021468721,0.186114392,0.131019276,0.21626828,0.148034831,0.2970945
281,Taiwan,Z,Female,18 to 24,"Below 15,000 THB",Bachelor's degree,Employed Part-time,Single,0.092226664,0.379093886,0.0420184,0.31341949,0.039088841,0.134152718
282,Taiwan,Z,Male,18 to 24,"15,001 to 30,000 THB",Bachelor's degree,Employed Part-time,Single,0.049429325,0.015628966,0.338236604,0.251884806,0.014194826,0.330625473
283,Taiwan,Z,Female,18 to 24,"30,001 to 60,000  THB",Bachelor's degree,Employed Full-time,In relationship,0.034278768,0.042889748,0.772910331,0.063429049,0.041127012,0.045365093
284,Taiwan,Z,Female,18 to 24,"30,001 to 60,000  THB",High school,Employed Full-time,Single,0.003461428,0.288443115,0.24846682,0.078929746,0.168729253,0.211969637
285,Taiwan,Z,Female,25-34,"30,001 to 60,000  THB",Master's degree,Employed Full-time,Single,0.122219797,0.01979212,0.365306911,0.45426486,0.021306323,0.017109989
286,Taiwan,Z,Male,18 to 24,"15,001 to 30,000 THB",Bachelor's degree,Seeking job,In relationship,0.212701864,0.297266148,0.271215816,0.040457298,0.070383915,0.107974958
287,Taiwan,Z,Female,18 to 24,"Below 15,000 THB",Bachelor's degree,Employed Part-time,Single,0.005329749,0.101400975,0.00964452,0.250588614,0.23498515,0.398050993
288,Taiwan,Z,Female,25-34,"Above 60,001 THB",Master's degree,Employed Full-time,In relationship,0.101108903,0.265221078,0.058338021,0.116983287,0.175115209,0.283233502
289,Taiwan,Z,Female,18 to 24,"30,001 to 60,000  THB",Bachelor's degree,Employed Full-time,In relationship,0.008617428,0.12842125,0.011839792,0.423834909,0.415109048,0.012177573
290,Taiwan,Z,Female,25-34,"30,001 to 60,000  THB",Master's degree,Employed Part-time,In relationship,0.47182651,0.011156867,0.38749752,0.010017583,0.016785046,0.102716474
291,Taiwan,Z,Male,18 to 24,"Below 15,000 THB",Bachelor's degree,Employed Part-time,Single,0.232108651,0.008084455,0.171397137,0.499252981,0.083212945,0.005943831
292,Taiwan,Z,Male,18 to 24,"Above 60,001 THB",Master's degree,Employed Full-time,Single,0.230763045,0.125463621,0.289555343,0.113174284,0.186189726,0.054853981
293,Taiwan,Z,Male,18 to 24,"Below 15,000 THB",Bachelor's degree,Employed Full-time,In relationship,0.009016077,0.297632672,0.237058179,0.21328531,0.073244485,0.169763276
294,Taiwan,Z,Male,18 to 24,"15,001 to 30,000 THB",Bachelor's degree,Employed Full-time,Single,0.201203328,0.355968273,0.104991496,0.313692439,0.011657991,0.012486472
295,Taiwan,Z,Female,18 to 24,"30,001 to 60,000  THB",Bachelor's degree,Employed Full-time,Single,0.005733275,0.448614601,0.484977541,0.005757184,0.007349648,0.047567751
296,Taiwan,Z,Male,25-34,"15,001 to 30,000 THB",Bachelor's degree,Employed Full-time,Single,0.00359682,0.010976614,0.002833882,0.255851325,0.268599262,0.458142098
297,Taiwan,Z,Female,18 to 24,"Below 15,000 THB",Master's degree,Employed Part-time,In relationship,0.343940627,0.333806293,0.127887502,0.004844415,0.059234882,0.13028628
298,Taiwan,Z,Female,18 to 24,"30,001 to 60,000  THB",Bachelor's degree,Employed Full-time,In relationship,0.176216923,0.165837943,0.077833557,0.252543726,0.038271743,0.289296107
299,Taiwan,Z,Male,25-34,"Above 60,001 THB",Bachelor's degree,Employed Full-time,In relationship,0.08385005,0.006637324,0.579617729,0.005141677,0.229143451,0.095609769
300,Taiwan,Z,Female,25-34,"Below 15,000 THB",Bachelor's degree,Employed Part-time,Single,0.006380171,0.112121025,0.002604064,0.319773871,0.355578682,0.203542187
301,Taiwan,Z,Female,18 to 24,"Below 15,000 THB",Master's degree,Seeking job,In relationship,0.038566164,0.041761091,0.464177857,0.188473036,0.006438236,0.260583617
302,Taiwan,Z,Male,18 to 24,"30,001 to 60,000  THB",High school,Seeking job,In relationship,0.002439273,0.052586598,0.005413078,0.248190874,0.161110036,0.530260142
303,Taiwan,Z,Female,18 to 24,"30,001 to 60,000  THB",Bachelor's degree,Employed Full-time,In relationship,0.449771328,0.004258827,0.004231537,0.161969653,0.220655486,0.15911317
304,Taiwan,Z,Male,25-34,"30,001 to 60,000  THB",Bachelor's degree,Employed Full-time,Single,0.041687581,0.412816483,0.119264077,0.248838355,0.084683967,0.092709537
305,Taiwan,Z,Female,18 to 24,"30,001 to 60,000  THB",Bachelor's degree,Employed Full-time,Single,0.008105122,0.007081804,0.000779198,0.266433268,0.368057751,0.349542858
306,Taiwan,Z,Male,18 to 24,"30,001 to 60,000  THB",Bachelor's degree,Employed Full-time,In relationship,0.431291043,0.069351621,0.085208381,0.192330859,0.079037482,0.142780615
307,Taiwan,Z,Male,18 to 24,"Below 15,000 THB",Bachelor's degree,Employed Part-time,Single,0.073414914,0.230120563,0.15276848,0.320363691,0.146732368,0.076599984
308,Taiwan,Z,Female,18 to 24,"30,001 to 60,000  THB",Bachelor's degree,Employed Full-time,In relationship,0.264018728,0.292352582,0.206903191,0.00522132,0.120472143,0.111032035
309,Taiwan,Z,Female,18 to 24,"Below 15,000 THB",Bachelor's degree,Seeking job,Single,0.540252517,0.005426871,0.264413645,0.103226237,0.080626779,0.006053951
310,Taiwan,Z,Female,18 to 24,"30,001 to 60,000  THB",Bachelor's degree,Employed Full-time,Single,0.009287141,0.008528151,0.427542615,0.011325245,0.348686816,0.194630032
311,Taiwan,Z,Male,18 to 24,"30,001 to 60,000  THB",Bachelor's degree,Employed Full-time,In relationship,0.203366072,0.157089662,0.37127392,0.056598615,0.208234701,0.00343703
312,Taiwan,Z,Female,18 to 24,"30,001 to 60,000  THB",Bachelor's degree,Employed Full-time,Single,0.470184853,0.289974086,0.00864841,0.011954914,0.011078828,0.208158909
313,Taiwan,Z,Male,18 to 24,"Above 60,001 THB",Bachelor's degree,Employed Full-time,Single,0.093396783,0.006972859,0.323501556,0.002189683,0.190364181,0.383574939
314,Taiwan,Z,Female,18 to 24,"15,001 to 30,000 THB",Bachelor's degree,Employed Part-time,In relationship,0.185786347,0.058523555,0.043679721,0.190413369,0.241758682,0.279838327
315,Taiwan,Z,Female,18 to 24,"30,001 to 60,000  THB",Bachelor's degree,Employed Full-time,In relationship,0.003997084,0.150462273,0.126806822,0.158879266,0.447785857,0.112068699
316,Taiwan,Z,Female,25-34,"30,001 to 60,000  THB",Bachelor's degree,Employed Full-time,In relationship,0.490561742,0.034605859,0.250314472,0.073152823,0.040309738,0.111055366
317,Taiwan,Z,Female,18 to 24,"Below 15,000 THB",Bachelor's degree,Employed Part-time,Single,0.102201495,0.004004265,0.125102602,0.361451755,0.214919081,0.192320802
318,Taiwan,Z,Female,18 to 24,"30,001 to 60,000  THB",Master's degree,Employed Part-time,In relationship,0.320889656,0.189971831,0.101156241,0.023189755,0.111382911,0.253409606
319,Taiwan,Z,Male,18 to 24,"15,001 to 30,000 THB",Bachelor's degree,Employed Full-time,Single,0.254102493,0.009116709,0.005004557,0.245131882,0.220611379,0.266032981
320,Taiwan,Z,Female,18 to 24,"15,001 to 30,000 THB",Bachelor's degree,Seeking job,Single,0.290992203,0.212948421,0.182393318,0.008259552,0.23856301,0.066843497
321,Taiwan,Z,Female,18 to 24,"Below 15,000 THB",Master's degree,Seeking job,Single,0.065091524,0.237438001,0.082296523,0.121051035,0.229569278,0.26455364
322,Taiwan,Z,Female,18 to 24,"Above 60,001 THB",Bachelor's degree,Employed Full-time,Single,0.104374027,0.08314993,0.254740632,0.003647069,0.24463574,0.309452603
323,Taiwan,Z,Female,18 to 24,"30,001 to 60,000  THB",Bachelor's degree,Employed Part-time,Single,0.022752245,0.623780162,0.173781859,0.027126915,0.127727873,0.024830946
324,Taiwan,Z,Male,25-34,"Below 15,000 THB",Master's degree,Seeking job,Single,0.063028848,0.138146865,0.286095471,0.007727215,0.256807812,0.248193788
325,Taiwan,Z,Female,18 to 24,"15,001 to 30,000 THB",Bachelor's degree,Employed Full-time,Single,0.005850238,0.003423185,0.497912198,0.269618324,0.142075097,0.081120957
326,Taiwan,Z,Female,25-34,"30,001 to 60,000  THB",Bachelor's degree,Employed Full-time,In relationship,0.02260154,0.01363212,0.203851518,0.093662988,0.370871835,0.295379999
327,Taiwan,Z,Male,18 to 24,"Below 15,000 THB",Bachelor's degree,Seeking job,In relationship,0.197734161,0.172385261,0.220679553,0.125668181,0.003415701,0.280117144
328,Taiwan,Z,Female,18 to 24,"30,001 to 60,000  THB",Bachelor's degree,Employed Part-time,Single,0.119663889,0.542809142,0.107289473,0.221895479,0.003939885,0.004402132
329,Taiwan,Z,Female,18 to 24,"30,001 to 60,000  THB",Bachelor's degree,Employed Full-time,In relationship,0.005214448,0.404214183,0.034694414,0.246900205,0.149250943,0.159725808
330,Taiwan,Z,Male,18 to 24,"15,001 to 30,000 THB",Bachelor's degree,Employed Full-time,Single,0.150921854,0.186502169,0.175197424,0.084173327,0.065823891,0.337381335
331,Taiwan,Z,Female,18 to 24,"15,001 to 30,000 THB",Bachelor's degree,Employed Full-time,In relationship,0.32498885,0.060011379,0.110100003,0.18131106,0.080974067,0.242614641
332,Taiwan,Z,Female,18 to 24,"15,001 to 30,000 THB",Bachelor's degree,Employed Full-time,Single,0.00309473,0.304303097,0.346135423,0.245420532,0.003484919,0.097561299
333,Taiwan,Z,Female,18 to 24,"30,001 to 60,000  THB",Bachelor's degree,Employed Full-time,Single,0.564085774,0.111989154,0.060089845,0.086130609,0.164929381,0.012775237
334,Taiwan,Z,Female,18 to 24,"30,001 to 60,000  THB",Bachelor's degree,Retired,Single,0.135857386,0.382055797,0.187199931,0.149671821,0.003225182,0.141989884
335,Taiwan,Z,Female,18 to 24,"15,001 to 30,000 THB",Bachelor's degree,Employed Full-time,Single,0.012390621,0.198765184,0.198834021,0.405261216,0.116359622,0.068389336
336,Taiwan,Z,Female,18 to 24,"15,001 to 30,000 THB",Bachelor's degree,Employed Full-time,In relationship,0.007628046,0.33919853,0.049218646,0.213151747,0.177983319,0.212819712
337,Taiwan,Z,Female,18 to 24,"15,001 to 30,000 THB",Bachelor's degree,Employed Full-time,In relationship,0.006772398,0.012362927,0.276894656,0.118560165,0.193022609,0.392387245
338,Taiwan,Z,Male,25-34,"Below 15,000 THB",Bachelor's degree,Seeking job,Single,0.183734288,0.373200935,0.053775047,0.006801414,0.118695629,0.263792686
339,Taiwan,Z,Female,18 to 24,"15,001 to 30,000 THB",Bachelor's degree,Employed Full-time,In relationship,0.121807033,0.176505424,0.03902575,0.354141115,0.099582803,0.208937874
340,Taiwan,Z,Female,18 to 24,"15,001 to 30,000 THB",Bachelor's degree,Employed Full-time,In relationship,0.010479973,0.199994739,0.006586054,0.394920716,0.046088161,0.341930358
341,Taiwan,Z,Female,18 to 24,"Below 15,000 THB",Bachelor's degree,Employed Part-time,Single,0.187687738,0.100249688,0.360923297,0.240892172,0.011305406,0.098941698
342,Taiwan,Z,Female,18 to 24,"Below 15,000 THB",Bachelor's degree,Seeking job,Single,0.004161386,0.006476534,0.005023777,0.296265039,0.236688151,0.451385113
343,Taiwan,Z,Female,18 to 24,"15,001 to 30,000 THB",High school,Employed Part-time,Single,0.019017712,0.150941366,0.187247517,0.005951233,0.015158811,0.62168336
344,Taiwan,Z,Female,18 to 24,"Below 15,000 THB",High school,Seeking job,Single,0.115932393,0.092610036,0.160614832,0.286013762,0.288386637,0.05644234
345,Taiwan,Z,Female,18 to 24,"15,001 to 30,000 THB",Bachelor's degree,Employed Part-time,In relationship,0.007336449,0.008248118,0.006141953,0.15040322,0.006224784,0.821645476
346,Taiwan,Z,Female,18 to 24,"15,001 to 30,000 THB",Bachelor's degree,Employed Full-time,In relationship,0.004398039,0.207661149,0.027683722,0.287556174,0.059335323,0.413365593
347,Taiwan,Z,Female,18 to 24,"15,001 to 30,000 THB",Bachelor's degree,Employed Full-time,Single,0.053355591,0.159441374,0.471043836,0.139595417,0.176252303,0.000311479
348,Taiwan,Z,Female,18 to 24,"30,001 to 60,000  THB",Bachelor's degree,Employed Full-time,Single,0.391776429,0.174092872,0.183163183,0.044642522,0.152392899,0.053932095
349,Taiwan,Z,Female,18 to 24,"30,001 to 60,000  THB",Bachelor's degree,Employed Full-time,Single,0.102120748,0.005094459,0.005292153,0.006324736,0.163005674,0.71816223
350,Taiwan,Z,Female,25-34,"30,001 to 60,000  THB",Bachelor's degree,Employed Full-time,In relationship,0.011493145,0.005862238,0.026184057,0.757746707,0.112369473,0.086344381
351,Taiwan,Z,Female,25-34,"15,001 to 30,000 THB",Master's degree,Employed Full-time,Single,0.197666876,0.348355866,0.339999798,0.06884397,0.01988188,0.02525161
352,Taiwan,Z,Female,18 to 24,"Below 15,000 THB",Master's degree,Seeking job,Single,0.112070171,0.099191677,0.00279177,0.097526749,0.264867437,0.423552196
353,Taiwan,Z,Female,18 to 24,"Below 15,000 THB",Bachelor's degree,Seeking job,Single,0.085443989,0.199349233,0.272031336,0.3045118,0.005254962,0.13340868
354,Taiwan,Z,Female,18 to 24,"Below 15,000 THB",Bachelor's degree,Seeking job,Single,0.011995276,0.009676595,0.400144056,0.008135402,0.369571351,0.200477321